model,cv ROC AUC,std cv ROC AUC,test ROC AUC
SVC-linear/OHE/Standard,0.905669819764692,0.005054839710665423,0.9030610448382551
SVC-rbf/OHE/Standard,0.8967874197956409,0.003907782959650263,0.8939607853715034
SVC-poly/OHE/Standard,0.9061974163406521,0.004511167271529966,0.9025472132677024
SVC-sigmoid/OHE/Standard,0.9010040492629848,0.0042389411773471036,0.8991263671455584
RandomForestClassifier,0.9068943399621764,0.003941284676272642,0.905716517361941
SVC-linear/rf_feature_selection/OHE/Standard,0.9060506423684973,0.004921471058273619,0.9036993301203701
SVC-linear/PolynomialFeatures/OHE/Standard,0.9106057489832455,0.003932468450958749,0.9071131297202029
SVC-linear/PolynomialFeatures/PCA/OHE/Standard,0.9106057489832455,0.003932468450958749,0.9068628213564409
