,model,cv ROC AUC,std cv ROC AUC,test ROC AUC
0,SVC-linear/OHE/Standard,0.905669819764692,0.005054839710665423,0.9030610448382551
1,SVC-rbf/OHE/Standard,0.9029524099368844,0.0045574196080799155,0.9000134343934271
2,SVC-poly/OHE/Standard,0.9061974163406521,0.004511167271529966,0.903277312435481
3,SVC-sigmoid/OHE/Standard,0.9010040492629848,0.0042389411773471036,0.8991263671455584
